{
    "loss": 72.78784942626953,
    "accuracy": 0.5686274766921997
}